is:open updated:{{param|relative_date}},>1|today,3..1|last 3 days,7..4|last week,14..8|last 2 weeks,30..15|last month,<30|more than a month
2024-03-21,1,0,0,0,1,1
2024-03-20,0,0,0,0,1,1
2024-03-19,0,0,0,0,1,1
2024-03-18,0,0,0,0,0,1
2024-03-17,1,0,0,1,0,1
2024-03-16,0,2,0,1,0,1
2024-03-15,2,0,0,1,0,1
2024-03-14,2,0,0,1,0,1
2024-03-13,0,0,0,1,0,1
2024-03-12,0,0,0,1,0,1
2024-03-11,0,0,0,0,0,1
2024-03-10,0,1,1,0,0,1
2024-03-09,1,0,1,0,0,1
2024-03-08,0,0,1,0,1,1
2024-03-07,1,0,0,0,1,1
2024-03-06,0,1,0,0,1,1
2024-03-05,0,1,0,0,1,1
2024-03-04,1,0,0,0,1,1
2024-03-03,0,0,1,0,1,2
2024-03-02,1,0,2,0,1,2
2024-03-01,0,0,1,0,1,2
2024-02-29,0,1,1,0,1,2
2024-02-28,0,1,0,0,1,2
2024-02-27,1,1,0,0,1,2
2024-02-26,0,1,1,0,0,2
2024-02-25,1,0,1,1,0,2
2024-02-24,0,1,1,1,0,2
2024-02-23,1,0,0,1,0,2
2024-02-22,0,1,0,1,0,2
2024-02-21,0,1,0,1,0,2
2024-02-20,1,0,0,1,0,2
2024-02-19,0,0,0,0,0,2
2024-02-18,1,0,1,0,0,2
2024-02-17,0,0,2,0,0,2
2024-02-16,0,0,1,0,0,2
2024-02-15,0,1,0,0,0,2
2024-02-14,1,2,0,0,0,2
2024-02-13,4,1,0,0,0,2
2024-02-12,2,0,0,0,0,2
2024-02-11,1,0,2,0,0,2
2024-02-10,1,1,0,0,0,2
2024-02-09,1,3,0,0,0,2
2024-02-08,2,2,0,0,0,2
2024-02-07,3,1,0,0,0,2
2024-02-06,2,1,0,0,0,2
2024-02-05,1,1,0,0,0,2
2024-02-04,2,0,0,0,0,2
2024-02-03,3,0,0,0,0,2
2024-02-02,1,0,0,0,0,2
2024-02-01,1,0,0,0,0,2
2024-01-31,1,0,0,0,0,2
2024-01-30,1,0,0,0,0,2
2024-01-29,2,4,0,0,0,2
2024-01-28,6,0,0,0,0,2
2024-01-27,3,0,1,0,0,2
2024-01-26,1,1,1,0,0,2
2024-01-25,1,1,1,0,0,2
2024-01-24,1,0,0,0,0,2
2024-01-23,1,2,0,0,0,2
2024-01-22,1,6,0,0,1,1
2024-01-21,8,0,1,0,1,1
2024-01-20,0,3,6,0,1,2
2024-01-19,0,3,0,0,1,2
2024-01-18,3,6,0,0,1,2
2024-01-17,1,8,0,0,1,2
2024-01-16,9,0,0,0,1,2
2024-01-15,5,0,0,0,1,2
2024-01-14,2,1,3,0,1,2
2024-01-13,1,2,5,0,1,2
2024-01-12,3,0,3,0,1,2
2024-01-11,0,5,1,0,1,2
2024-01-10,1,6,0,0,1,2
2024-01-09,4,4,0,0,1,2
2024-01-08,5,1,0,0,1,2
2024-01-07,2,0,0,0,0,2
2024-01-06,3,1,1,1,0,2
2024-01-05,1,2,1,1,0,2
2024-01-04,3,0,0,1,0,2
2024-01-03,1,1,1,1,0,2
2024-01-02,6,1,1,1,1,1
2024-01-01,1,0,1,1,1,1
2023-12-31,4,0,0,1,1,9
2023-12-30,3,4,1,1,1,10
2023-12-29,4,2,1,1,2,9
2023-12-28,5,1,2,1,2,9
2023-12-27,0,5,1,2,2,9
2023-12-26,4,3,0,0,2,9
2023-12-25,2,3,3,0,2,9
2023-12-24,2,1,3,0,2,9
2023-12-23,1,0,2,0,2,9
2023-12-22,1,1,1,0,2,9
2023-12-21,0,3,1,0,2,9
2023-12-20,5,2,1,0,2,9
2023-12-19,4,0,0,0,2,9
2023-12-18,4,2,0,0,1,9
2023-12-17,1,1,0,1,1,9
2023-12-16,2,0,0,1,1,9
2023-12-15,4,2,1,1,1,9
2023-12-14,4,2,1,1,0,9
2023-12-13,3,1,1,2,0,9
2023-12-12,4,0,0,2,0,9
2023-12-11,0,2,0,1,0,9
2023-12-10,3,1,1,1,0,9
2023-12-09,2,1,1,1,0,9
2023-12-08,0,7,1,1,0,9
2023-12-07,4,3,0,0,0,9
2023-12-06,4,3,1,0,0,9
2023-12-05,2,3,1,0,0,9
2023-12-04,6,0,1,0,0,9
2023-12-03,5,0,0,0,0,9
2023-12-02,8,1,0,0,0,9
2023-12-01,8,1,0,0,0,9
2023-11-30,1,0,0,0,0,9
2023-11-29,0,1,1,1,0,9
2023-11-28,1,0,1,1,0,9
2023-11-27,2,0,0,0,0,9
2023-11-26,0,1,1,0,0,9
2023-11-25,0,1,1,0,0,9
2023-11-24,1,0,1,0,0,9
2023-11-23,0,0,0,0,0,9
2023-11-22,0,1,0,0,0,9
2023-11-21,0,1,0,0,0,9
2023-11-20,1,0,0,0,0,9
2023-11-19,0,0,1,0,0,9
2023-11-18,0,0,1,0,0,9
2023-11-17,0,0,1,0,0,9
2023-11-16,0,0,0,0,0,9
2023-11-15,0,1,0,0,0,9
2023-11-14,1,1,0,0,0,9
2023-11-13,1,0,0,0,0,9
2023-11-12,1,0,0,0,0,9
2023-11-11,1,0,0,0,0,9
2023-11-10,0,0,0,1,0,9
2023-11-09,0,0,0,0,0,9
2023-11-08,0,0,1,0,0,9
2023-11-07,1,0,1,0,1,8
2023-11-06,2,0,1,0,1,8
2023-11-05,0,0,0,0,1,8
2023-11-04,0,1,0,0,1,8
2023-11-03,0,1,0,0,1,8
2023-11-02,1,0,0,0,1,8
2023-11-01,0,0,0,0,1,8
2023-10-31,0,0,0,0,1,8
2023-10-30,0,0,0,0,1,8
2023-10-29,1,0,0,0,1,8
2023-10-28,1,1,1,0,1,8
2023-10-27,1,1,1,0,1,8
2023-10-26,1,3,1,0,1,8
2023-10-25,3,1,1,0,1,8
2023-10-24,6,0,0,0,1,8
2023-10-23,1,2,2,0,0,8
2023-10-22,1,2,2,1,0,8
2023-10-21,2,0,2,1,0,8
2023-10-20,0,1,0,1,0,8
2023-10-19,0,4,0,1,0,8
2023-10-18,1,3,0,1,0,8
2023-10-17,4,0,0,1,0,8
2023-10-16,2,0,0,0,0,8
2023-10-15,0,0,1,0,0,8
2023-10-14,1,0,1,0,0,8
2023-10-13,1,0,1,0,0,8
2023-10-12,1,0,0,0,0,8
2023-10-11,1,2,0,0,0,8
2023-10-10,6,1,0,0,0,8
2023-10-09,4,0,0,0,0,8
2023-10-08,1,0,0,0,0,9
2023-10-07,2,0,0,0,1,9
2023-10-06,1,1,0,1,1,9
2023-10-05,0,2,0,1,1,9
2023-10-04,1,1,0,1,1,9
2023-10-03,4,0,0,0,1,9
2023-10-02,0,0,1,0,1,9
2023-10-01,0,0,1,0,1,9
2023-09-30,0,0,1,0,1,9
2023-09-29,0,0,0,0,0,9
2023-09-28,0,1,0,1,0,9
2023-09-27,0,2,0,1,0,9
2023-09-26,4,0,0,1,0,9
2023-09-25,2,0,0,1,0,9
2023-09-24,0,2,5,1,0,9
2023-09-23,1,1,5,1,0,9
2023-09-22,1,0,0,1,0,9
2023-09-21,0,6,1,1,0,9
2023-09-20,1,5,1,1,0,9
2023-09-19,8,0,1,1,1,8
2023-09-18,0,0,0,0,1,8
2023-09-17,0,1,1,0,1,8
2023-09-16,0,1,1,0,1,8
2023-09-15,1,0,1,0,1,8
2023-09-14,2,5,1,1,1,8
2023-09-13,0,6,1,2,2,8
2023-09-12,5,1,0,0,2,8
2023-09-11,1,1,2,0,2,8
2023-09-10,0,1,3,0,2,8
2023-09-09,1,0,2,0,2,8
2023-09-08,0,1,0,0,2,8
2023-09-07,0,4,0,0,2,8
2023-09-06,1,3,0,0,2,8
2023-09-05,4,0,0,0,2,8
2023-09-04,2,0,0,0,0,8
2023-09-03,0,0,0,2,0,8
2023-09-02,0,0,0,2,0,8
2023-09-01,0,0,0,2,0,8
2023-08-31,0,0,0,2,0,8
2023-08-30,0,0,0,2,0,8
2023-08-29,2,0,0,2,0,8
2023-08-28,0,1,0,0,0,8
2023-08-27,1,0,2,0,0,8
2023-08-26,0,0,3,0,0,8
2023-08-25,0,0,3,0,0,8
2023-08-24,0,0,0,0,0,8
2023-08-23,0,3,0,0,0,8
2023-08-22,0,3,0,0,0,8
2023-08-21,5,0,0,0,0,8
2023-08-20,0,0,0,1,0,10
2023-08-19,0,0,0,1,0,10
2023-08-18,0,0,0,1,0,10
2023-08-17,0,0,0,1,0,10
2023-08-16,0,0,0,1,0,10
2023-08-15,0,0,0,1,0,10
2023-08-14,0,0,0,0,0,10
2023-08-13,0,0,1,0,0,10
2023-08-12,0,0,1,0,0,10
2023-08-11,0,0,1,0,0,10
2023-08-10,0,0,0,0,1,9
2023-08-09,1,1,0,0,1,9
2023-08-08,3,1,0,0,1,9
2023-08-07,4,0,0,0,1,9
2023-08-06,0,0,0,1,1,9
2023-08-05,0,0,0,0,1,9
2023-08-04,0,0,1,0,1,9
2023-08-03,0,0,1,0,1,9
2023-08-02,0,1,1,0,1,9
2023-08-01,1,0,0,0,1,9
2023-07-31,2,1,0,0,1,9
2023-07-30,0,1,0,0,1,9
2023-07-29,1,0,0,0,1,9
2023-07-28,0,1,0,0,1,9
2023-07-27,0,1,0,0,1,9
2023-07-26,1,1,0,0,0,9
2023-07-25,5,1,0,1,0,9
2023-07-24,3,0,0,1,0,9
2023-07-23,1,0,0,1,0,9
2023-07-22,0,0,0,1,0,9
2023-07-21,0,0,0,1,0,9
2023-07-20,2,0,0,1,0,9
2023-07-19,0,1,0,0,0,9
2023-07-18,3,2,1,0,0,9
2023-07-17,4,0,1,0,0,9
2023-07-16,0,0,1,0,0,9
2023-07-15,0,0,1,0,0,9
2023-07-14,0,1,1,0,0,9
2023-07-13,0,1,0,0,0,9
2023-07-12,1,1,0,0,0,9
2023-07-11,3,1,0,0,0,9
2023-07-10,4,0,0,0,0,9
2023-07-09,1,1,0,0,0,9
2023-07-08,3,0,1,1,2,9
2023-07-07,1,3,0,1,1,9
2023-07-06,0,7,0,2,0,9
2023-07-05,3,4,0,3,0,9
2023-07-04,5,0,0,3,0,9
2023-07-03,2,0,1,3,0,9
2023-07-02,0,0,1,3,0,9
2023-07-01,0,0,1,2,0,9
2023-06-30,0,0,1,1,0,9
2023-06-29,0,1,2,0,0,9
2023-06-28,0,1,3,0,0,9
2023-06-27,3,0,2,0,0,9
2023-06-26,2,1,1,0,0,9
2023-06-25,0,2,0,0,0,9
2023-06-24,1,2,0,0,0,9
2023-06-23,1,2,0,0,0,9
2023-06-22,2,0,0,0,0,9
2023-06-21,2,0,0,0,0,9
2023-06-20,0,0,0,0,0,9
2023-06-19,1,0,0,0,0,9
2023-06-18,0,0,0,0,0,9
2023-06-17,0,0,0,0,0,9
2023-06-16,0,0,0,0,0,9
2023-06-15,1,1,0,0,0,9
2023-06-14,3,0,0,0,0,9
2023-06-13,0,0,0,0,0,9
2023-06-12,3,0,0,0,0,9
2023-06-11,0,2,1,0,0,9
2023-06-10,1,1,1,0,0,9
2023-06-09,1,1,0,0,0,9
2023-06-08,2,1,0,0,0,9
2023-06-07,2,1,0,0,0,9
2023-06-06,2,1,0,0,0,9
2023-06-05,2,1,0,0,0,9
2023-06-04,1,0,0,0,0,9
2023-06-03,2,0,0,0,0,9
2023-06-02,2,1,0,0,0,9
2023-06-01,2,1,0,0,0,9
2023-05-31,1,1,0,0,0,9
2023-05-30,2,1,0,0,0,9
2023-05-29,4,0,0,1,0,9
2023-05-28,2,0,0,1,0,9
2023-05-27,1,0,0,1,0,9
2023-05-26,1,0,0,1,0,9
2023-05-25,1,0,0,1,0,9
2023-05-24,1,0,0,0,0,9
2023-05-23,3,0,1,0,0,9
2023-05-22,3,0,1,0,0,9
2023-05-21,1,0,1,0,0,9
2023-05-20,1,0,0,0,0,9
2023-05-19,1,1,0,0,0,9
2023-05-18,1,1,0,0,0,9
2023-05-17,2,0,0,0,0,9
2023-05-16,1,1,0,0,0,9
2023-05-15,2,0,0,0,0,9
2023-05-14,4,0,0,0,0,9
2023-05-13,3,0,0,0,0,9
2023-05-12,1,0,0,0,0,9
2023-05-11,1,1,0,0,0,9
2023-05-10,1,1,0,0,0,9
2023-05-09,2,0,0,0,0,9
2023-05-08,3,0,0,0,0,9
2023-05-07,1,0,0,0,0,9
2023-05-06,4,1,0,0,0,9
2023-05-05,2,1,0,0,0,9
2023-05-04,2,0,0,0,0,9
2023-05-03,2,0,0,0,0,9
2023-05-02,4,0,0,0,0,9
2023-05-01,3,0,0,0,0,9
2023-04-30,1,1,0,0,0,9
2023-04-29,1,1,0,0,0,9
2023-04-28,2,0,0,0,0,9
2023-04-27,1,0,0,0,0,9
2023-04-26,1,0,0,0,0,9
2023-04-25,2,0,0,0,0,9
2023-04-24,1,0,0,0,0,9
2023-04-23,1,0,0,0,0,9
2023-04-22,1,0,0,0,0,11
2023-04-21,2,0,0,0,0,11
2023-04-20,1,0,0,0,1,11
2023-04-19,2,1,0,0,1,11
2023-04-18,2,0,0,0,2,10
2023-04-17,1,0,0,0,1,10
2023-04-16,0,2,0,1,2,9
2023-04-15,0,2,0,1,2,9
2023-04-14,2,0,0,1,2,9
2023-04-13,1,0,0,1,2,9
2023-04-12,1,0,0,1,3,8
2023-04-11,0,0,0,1,3,8
2023-04-10,0,0,0,0,3,8
2023-04-09,0,0,1,0,3,8
2023-04-08,0,0,1,0,3,8
2023-04-07,1,0,1,0,3,8
2023-04-06,0,0,0,0,3,8
2023-04-05,1,1,0,0,3,8
2023-04-04,2,1,0,0,3,8
2023-04-03,1,0,0,0,4,6
2023-04-02,0,0,0,1,4,8
2023-04-01,0,0,0,1,3,8
2023-03-31,0,0,0,2,3,8
2023-03-30,0,1,0,2,3,8
2023-03-29,0,1,0,2,3,8
2023-03-28,1,0,0,2,2,8
2023-03-27,0,0,0,2,2,8
2023-03-26,0,0,1,2,2,8
2023-03-25,0,0,1,1,2,8
2023-03-24,0,0,2,1,2,8
2023-03-23,0,3,1,1,2,8
2023-03-22,0,4,1,1,2,8
2023-03-21,3,1,0,0,2,8
2023-03-20,2,1,1,0,2,8
2023-03-19,0,1,1,0,0,8
2023-03-18,2,0,1,2,0,8
2023-03-17,1,0,0,2,0,8
2023-03-16,0,3,0,3,0,8
2023-03-15,0,4,0,3,0,8
2023-03-14,4,0,0,2,0,8
2023-03-13,1,0,1,2,0,8
2023-03-12,1,0,1,0,0,8
2023-03-11,1,0,3,0,0,8
2023-03-10,0,0,2,0,0,8
2023-03-09,0,1,2,0,0,8
2023-03-08,0,2,0,0,0,8
2023-03-07,2,2,0,0,0,8
2023-03-06,0,5,0,0,0,8
2023-03-05,4,1,0,0,0,8
2023-03-04,1,0,0,0,0,9
2023-03-03,1,2,0,0,0,9
2023-03-02,0,2,0,0,0,9
2023-03-01,2,1,0,0,0,9
2023-02-28,4,0,0,0,0,9
2023-02-27,1,0,0,0,1,9
2023-02-26,1,0,0,0,1,9
2023-02-25,0,0,0,0,1,10
2023-02-24,1,0,0,0,1,10
2023-02-23,2,0,0,0,1,10
2023-02-22,2,0,0,0,1,10
2023-02-21,1,0,0,0,1,10
2023-02-20,1,0,0,0,1,10
2023-02-19,1,0,0,0,0,10
2023-02-18,1,0,0,1,1,10
2023-02-17,0,0,0,1,1,10
2023-02-16,0,0,0,1,1,10
2023-02-15,0,0,0,1,1,10
2023-02-14,4,1,0,1,1,10
2023-02-13,2,0,0,1,1,10
2023-02-12,0,0,0,0,0,10
2023-02-11,0,0,1,1,0,10
2023-02-10,0,0,1,1,0,10
2023-02-09,0,1,1,1,0,10
2023-02-08,0,1,0,1,0,10
2023-02-07,1,1,0,1,0,10
2023-02-06,2,1,0,1,0,10
2023-02-05,2,0,0,0,0,10
2023-02-04,0,1,1,0,0,11
2023-02-03,1,1,1,0,0,11
2023-02-02,0,1,1,0,1,10
2023-02-01,2,0,0,0,1,10
2023-01-31,3,1,1,0,1,10
2023-01-30,2,1,1,0,1,10
2023-01-29,2,0,1,0,1,10
2023-01-28,0,1,2,0,1,10
2023-01-27,1,1,1,0,1,10
2023-01-26,0,3,0,0,1,10
2023-01-25,1,3,0,0,1,11
2023-01-24,2,1,0,0,1,11
2023-01-23,2,0,0,0,1,11
2023-01-22,1,0,0,0,1,11
2023-01-21,0,0,0,0,1,11
2023-01-20,0,0,0,0,1,11
2023-01-19,0,0,0,0,1,11
2023-01-18,0,1,3,0,0,11
2023-01-17,1,0,0,1,0,11
2023-01-16,0,3,0,1,0,11
2023-01-15,0,3,0,1,0,11
2023-01-14,3,0,0,1,0,11
2023-01-13,0,0,0,1,0,11
2023-01-12,0,4,0,1,0,11
2023-01-11,0,4,0,0,0,11
2023-01-10,4,0,1,0,0,11
2023-01-09,0,0,1,0,0,11
2023-01-08,1,0,1,0,0,11
2023-01-07,0,0,0,0,0,11
2023-01-06,0,1,0,0,0,11
2023-01-05,0,1,0,0,0,11
2023-01-04,1,0,0,0,0,11
2023-01-03,1,0,0,0,0,11
2023-01-02,2,0,1,0,0,11
2023-01-01,1,0,1,0,0,11
2022-12-31,0,0,1,0,0,11
2022-12-30,0,0,0,0,0,11
2022-12-29,0,1,0,0,0,11
2022-12-28,0,1,0,0,0,11
2022-12-27,1,0,0,0,0,11
2022-12-26,1,0,0,0,1,11
2022-12-25,0,1,0,0,0,11
2022-12-24,1,0,0,1,0,11
2022-12-23,0,0,0,1,0,11
2022-12-22,0,0,0,1,0,11
2022-12-21,1,0,0,1,0,11
2022-12-20,3,0,0,1,0,11
2022-12-19,0,0,0,1,0,11
2022-12-18,0,0,0,0,0,11
2022-12-17,0,0,1,0,0,11
2022-12-16,0,0,1,0,0,11
2022-12-15,0,0,1,0,0,11
2022-12-14,0,0,0,0,0,11
2022-12-13,0,1,0,0,0,11
2022-12-12,1,1,0,0,0,11
2022-12-11,1,0,0,0,0,11
2022-12-10,0,1,0,0,1,11
2022-12-09,1,0,0,0,1,11
2022-12-08,1,0,0,0,1,11
2022-12-07,0,2,0,0,1,11
2022-12-06,2,0,0,0,1,11
2022-12-05,0,0,0,0,1,11
2022-12-04,0,1,0,0,1,11
2022-12-03,0,1,0,0,1,11
2022-12-02,1,0,0,0,1,11
2022-12-01,2,0,0,0,1,11
2022-11-30,1,1,0,0,1,11
2022-11-29,2,0,0,0,1,11
2022-11-28,2,0,0,0,1,11
2022-11-27,1,0,0,0,1,11
2022-11-26,1,0,0,0,1,11
2022-11-25,0,0,0,0,0,11
2022-11-24,0,0,0,1,0,11
2022-11-23,1,0,0,1,0,11
2022-11-22,0,0,0,1,0,11
2022-11-21,1,0,1,1,0,11
2022-11-20,0,0,1,1,0,11
2022-11-19,1,1,2,1,0,11
2022-11-18,2,0,0,0,0,11
2022-11-17,2,2,1,0,0,11
2022-11-16,1,3,1,0,6,5
2022-11-15,4,0,1,0,6,5
2022-11-14,2,0,0,0,6,5
2022-11-13,1,1,0,0,6,5
2022-11-12,2,1,0,1,6,5
2022-11-11,2,0,0,0,6,5
2022-11-10,2,0,1,0,6,5
2022-11-09,4,1,1,0,6,5
2022-11-08,3,2,1,0,6,5
2022-11-07,5,0,0,0,6,5
2022-11-06,2,1,1,0,6,5
2022-11-05,2,1,1,0,6,5
2022-11-04,2,0,0,0,6,5
2022-11-03,1,1,0,0,6,5
2022-11-02,1,1,0,0,6,6
2022-11-01,2,0,0,0,0,6
2022-10-31,1,0,0,6,0,6
2022-10-30,1,0,0,6,0,6
2022-10-29,1,0,0,6,0,6
2022-10-28,0,0,0,6,1,5
2022-10-27,0,2,0,6,1,5
2022-10-26,0,2,0,6,1,5
2022-10-25,2,0,0,0,1,5
2022-10-24,1,0,6,0,1,5
2022-10-23,0,0,6,0,1,5
2022-10-22,0,0,6,0,1,5
2022-10-21,0,0,0,0,1,5
2022-10-20,0,6,0,0,1,5
2022-10-19,0,6,0,0,1,5
2022-10-18,12,0,0,0,1,5
2022-10-17,2,0,0,0,1,10
2022-10-16,1,0,0,1,1,10
2022-10-15,2,0,0,1,1,10
2022-10-14,1,0,0,1,1,10
2022-10-13,1,0,0,1,0,10
2022-10-12,1,0,0,2,0,10
2022-10-11,2,0,0,2,0,10
2022-10-10,1,0,1,1,0,11
2022-10-09,1,0,1,1,0,11
2022-10-08,1,1,1,1,0,11
2022-10-07,1,1,1,1,0,11
2022-10-06,2,0,0,0,0,11
2022-10-05,1,1,1,0,0,11
2022-10-04,1,1,1,0,0,11
2022-10-03,3,0,1,0,0,11
2022-10-02,1,0,0,0,0,12
2022-10-01,1,1,0,0,0,13
2022-09-30,1,1,0,0,0,13
2022-09-29,2,0,0,0,0,13
2022-09-28,2,1,0,0,0,13
2022-09-27,4,1,0,0,0,13
2022-09-26,3,2,0,0,0,13
2022-09-25,3,0,0,0,0,13
2022-09-24,3,0,0,0,0,13
2022-09-23,2,0,0,0,0,13
2022-09-22,1,0,0,0,1,12
2022-09-21,1,0,0,0,1,12
2022-09-20,1,0,0,0,1,12
2022-09-19,3,0,0,0,1,12
2022-09-18,1,0,0,0,1,12
2022-09-17,1,0,0,0,1,12
2022-09-16,3,0,0,0,1,12
2022-09-15,2,1,0,0,1,12
2022-09-14,4,1,0,0,1,12
2022-09-13,4,1,0,0,1,12
2022-09-12,3,0,0,0,1,12
2022-09-11,3,0,0,0,1,12
2022-09-10,2,0,0,0,1,12
2022-09-09,2,0,0,0,1,12
2022-09-08,1,1,0,0,1,12
2022-09-07,2,0,0,0,0,12
2022-09-06,1,2,0,1,0,12
2022-09-05,5,0,0,1,0,12
2022-09-04,1,0,0,1,0,12
2022-09-03,0,0,0,1,0,12
2022-09-02,0,0,0,1,0,12
2022-09-01,0,0,0,1,0,12
2022-08-31,1,3,0,0,0,12
2022-08-30,3,0,1,0,0,12
2022-08-29,1,0,1,0,0,12
2022-08-28,1,0,1,0,0,12
2022-08-27,1,1,0,0,0,12
2022-08-26,1,2,0,0,0,12
2022-08-25,2,1,0,0,0,12
2022-08-24,3,0,0,0,0,12
2022-08-23,0,0,0,0,0,12
2022-08-22,1,0,0,0,0,12
2022-08-21,1,0,0,0,0,12
2022-08-20,2,1,0,0,0,13
2022-08-19,4,1,0,0,0,13
2022-08-18,4,1,0,0,0,13
2022-08-17,3,3,3,0,0,13
2022-08-16,4,2,2,0,0,13
2022-08-15,6,1,2,0,0,13
2022-08-14,2,2,0,0,0,13
2022-08-13,4,2,0,0,0,13
2022-08-12,3,3,0,0,0,13
2022-08-11,6,0,0,0,0,13
2022-08-10,3,3,0,0,1,12
2022-08-09,6,0,0,0,1,12
2022-08-08,6,0,0,0,1,12
2022-08-07,3,0,0,0,1,12
2022-08-06,2,1,0,0,1,12
2022-08-05,3,0,0,0,1,12
2022-08-04,4,0,0,0,1,12
2022-08-03,3,0,0,0,1,12
2022-08-02,3,0,0,0,1,12
2022-08-01,4,1,0,0,1,12
2022-07-31,3,0,0,0,1,12
2022-07-30,2,0,0,0,1,12
2022-07-29,3,0,0,0,1,12
2022-07-28,3,0,0,0,1,12
2022-07-27,2,1,0,0,1,12
2022-07-26,2,0,0,0,0,12
2022-07-25,2,0,0,1,0,12
2022-07-24,2,0,0,1,0,13
2022-07-23,2,0,0,1,0,13
2022-07-22,3,2,0,1,0,13
2022-07-21,3,1,0,1,0,13
2022-07-20,1,1,0,1,0,13
2022-07-19,2,0,0,0,0,13
2022-07-18,1,1,1,0,0,13
2022-07-17,1,1,1,0,0,13
2022-07-16,2,0,1,0,0,13
2022-07-15,1,0,0,0,0,13
2022-07-14,1,1,1,0,0,13
2022-07-13,1,1,1,0,0,13
2022-07-12,4,0,1,0,0,13
2022-07-11,1,0,0,0,1,14
2022-07-10,0,3,0,0,1,14
2022-07-09,1,2,0,0,1,14
2022-07-08,3,0,0,0,0,14
2022-07-07,1,1,0,1,0,14
2022-07-06,2,0,0,1,0,14
2022-07-05,2,0,0,1,0,14
2022-07-04,1,1,0,1,0,14
2022-07-03,2,0,0,1,0,14
2022-07-02,1,0,0,1,0,15
2022-07-01,2,0,0,0,0,15
2022-06-30,1,0,1,0,0,15
2022-06-29,1,0,1,0,0,15
2022-06-28,1,0,1,0,0,15
2022-06-27,1,0,0,0,0,15
2022-06-26,1,1,0,0,1,14
2022-06-25,1,1,0,0,1,14
2022-06-24,4,0,0,0,1,14
2022-06-23,2,0,0,0,1,14
2022-06-22,1,0,0,0,1,14
2022-06-21,1,0,0,0,1,14
2022-06-20,1,0,0,0,1,14
2022-06-19,2,2,0,0,2,13
2022-06-18,3,0,0,0,2,13
2022-06-17,1,0,0,0,2,13
2022-06-16,1,0,0,0,2,13
2022-06-15,1,0,0,0,2,13
2022-06-14,4,0,0,0,2,13
2022-06-13,1,1,0,1,3,13
2022-06-12,2,0,0,1,3,13
2022-06-11,1,0,0,1,2,13
2022-06-10,1,0,0,2,2,13
2022-06-09,1,0,0,2,2,13
2022-06-08,1,0,0,2,2,13
2022-06-07,1,0,0,1,2,13
2022-06-06,1,0,1,1,2,13
2022-06-05,1,0,1,1,2,13
2022-06-04,1,0,1,0,1,13
2022-06-03,2,0,1,1,1,13
2022-06-02,3,3,1,1,1,13
2022-06-01,2,3,1,1,1,13
2022-05-31,5,0,0,1,1,13
2022-05-30,2,2,3,2,1,13
2022-05-29,2,2,0,2,0,13
2022-05-28,4,3,0,1,0,13
2022-05-27,1,4,2,1,0,13
2022-05-26,4,1,2,1,1,12
2022-05-25,2,1,4,1,1,12
2022-05-24,1,1,2,1,1,12
2022-05-23,2,2,0,1,1,12
2022-05-22,1,5,0,0,1,12
2022-05-21,3,3,1,0,1,12
2022-05-20,4,1,1,0,1,12
2022-05-19,2,0,1,0,1,12
2022-05-18,1,1,0,0,1,12
2022-05-17,2,1,0,0,1,12
2022-05-16,1,1,0,0,1,12
2022-05-15,1,1,1,0,1,12
2022-05-14,1,0,1,0,1,12
2022-05-13,1,0,1,0,1,12
2022-05-12,1,0,0,0,1,12
2022-05-11,0,2,0,0,0,12
2022-05-10,6,1,0,1,0,12
2022-05-09,2,0,0,1,0,12
2022-05-08,1,0,0,1,1,12
2022-05-07,4,0,0,1,1,12
2022-05-06,1,0,0,1,1,12
2022-05-05,3,1,0,1,1,12
2022-05-04,1,1,0,0,0,12
2022-05-03,2,0,1,1,0,12
2022-05-02,1,0,1,1,0,12
2022-05-01,1,0,1,1,0,12
2022-04-30,1,0,0,1,0,12
2022-04-29,1,1,0,1,0,12
2022-04-28,3,1,0,1,0,12
2022-04-27,3,0,0,0,0,12
2022-04-26,1,0,2,0,0,12
2022-04-25,1,0,2,0,0,13
2022-04-24,0,1,2,0,0,13
2022-04-23,0,2,0,0,0,13
2022-04-22,2,2,0,0,0,13
2022-04-21,1,2,0,0,0,13
2022-04-20,3,0,0,0,0,13
2022-04-19,2,0,0,0,0,13
2022-04-18,3,0,1,0,0,13
2022-04-17,2,0,1,0,0,13
2022-04-16,2,0,0,0,0,13
2022-04-15,2,1,0,0,0,13
2022-04-14,1,2,0,0,0,13
2022-04-13,4,0,0,0,0,13
2022-04-12,1,1,0,0,0,13
2022-04-11,2,2,0,0,0,13
2022-04-10,1,3,0,0,0,13
2022-04-09,3,1,0,0,0,13
2022-04-08,4,0,0,0,0,13
2022-04-07,4,0,0,0,1,12
2022-04-06,3,1,0,1,1,12
2022-04-05,4,0,0,0,1,12
2022-04-04,3,0,1,0,1,12
2022-04-03,2,1,1,0,1,12
2022-04-02,2,1,1,0,1,12
2022-04-01,3,0,0,0,1,12
2022-03-31,3,2,0,0,1,12
2022-03-30,3,2,0,0,1,12
2022-03-29,4,0,0,0,1,12
2022-03-28,3,0,0,0,1,12
2022-03-27,2,1,0,0,1,12
2022-03-26,3,5,0,0,1,12
2022-03-25,9,0,0,0,1,12
2022-03-24,9,0,0,0,1,12
2022-03-23,4,0,0,0,0,12
2022-03-22,2,1,0,1,0,12
2022-03-21,2,2,0,1,0,12
2022-03-20,2,1,0,2,0,12
2022-03-19,2,0,0,1,0,12
2022-03-18,2,0,2,1,0,12
2022-03-17,1,0,1,1,0,12
2022-03-16,1,1,1,0,0,12
2022-03-15,1,1,1,0,1,11
2022-03-14,2,1,1,0,1,11
2022-03-13,1,1,1,0,2,11
2022-03-12,3,0,0,0,1,11
2022-03-11,2,1,0,1,1,11
2022-03-10,2,1,0,1,1,11
2022-03-09,2,0,0,1,2,11
2022-03-08,3,0,0,1,2,12
2022-03-07,1,1,0,1,2,12
2022-03-06,2,0,0,1,2,12
2022-03-05,2,0,1,0,2,12
2022-03-04,1,0,1,0,2,12
2022-03-03,3,1,1,0,2,12
2022-03-02,3,2,1,0,2,12
2022-03-01,4,0,0,0,1,12
2022-02-28,1,2,0,1,0,12
2022-02-27,0,2,0,2,0,12
2022-02-26,3,0,1,2,0,12
2022-02-25,3,0,1,2,0,12
2022-02-24,1,1,0,3,0,12
2022-02-23,1,2,0,2,0,12
2022-02-22,2,1,1,1,0,12
2022-02-21,2,0,2,0,0,12
2022-02-20,2,0,3,1,0,12
2022-02-19,2,0,2,1,0,12
2022-02-18,2,1,1,1,0,12
2022-02-17,1,2,1,0,0,12
2022-02-16,2,2,1,0,0,12
2022-02-15,6,2,1,0,0,12
2022-02-14,3,1,1,0,0,12
2022-02-13,3,4,0,0,0,12
2022-02-12,5,2,0,0,0,12
2022-02-11,2,1,0,0,0,12
2022-02-10,2,0,0,0,0,12
2022-02-09,1,0,0,0,0,13
2022-02-08,1,0,0,0,1,12
2022-02-07,3,0,0,0,1,12
2022-02-06,1,0,0,0,1,12
2022-02-05,1,0,0,0,1,12
2022-02-04,2,0,0,0,1,12
2022-02-03,1,1,0,0,1,12
2022-02-02,1,1,0,0,1,12
2022-02-01,2,0,0,0,1,12
2022-01-31,1,0,0,0,1,12
2022-01-30,1,0,0,0,1,12
2022-01-29,1,0,0,0,1,12
2022-01-28,2,0,0,0,1,12
2022-01-27,2,0,0,0,1,12
2022-01-26,2,1,0,0,1,12
2022-01-25,2,0,0,0,1,12
2022-01-24,1,0,0,0,0,12
2022-01-23,1,1,0,2,0,13
2022-01-22,3,4,0,2,0,13
2022-01-21,4,0,0,2,0,13
2022-01-20,5,0,0,2,0,13
2022-01-19,2,1,0,2,0,13
2022-01-18,3,1,0,1,0,13
2022-01-17,4,0,1,0,0,13
2022-01-16,3,0,3,0,0,14
2022-01-15,2,2,3,0,0,14
2022-01-14,4,0,1,0,0,14
2022-01-13,4,2,0,0,0,14
2022-01-12,4,3,0,0,0,14
2022-01-11,6,1,0,0,0,14
2022-01-10,7,0,0,0,0,14
2022-01-09,4,0,0,0,0,14
2022-01-08,3,2,0,0,0,14
2022-01-07,4,1,0,0,0,14
2022-01-06,5,0,0,0,0,14
2022-01-05,5,0,1,0,0,14
2022-01-04,6,0,0,0,0,14
2022-01-03,4,1,0,0,0,14
2022-01-02,4,1,0,0,0,14
2022-01-01,5,0,0,0,0,14
2021-12-31,3,1,0,0,0,14
2021-12-30,4,0,0,0,0,14
2021-12-29,1,3,0,0,0,14
2021-12-28,3,0,0,1,0,14
2021-12-27,3,0,0,1,0,14
2021-12-26,3,0,0,1,0,14
2021-12-25,3,0,0,1,0,14
2021-12-24,3,0,0,0,0,14
2021-12-23,2,0,1,0,0,14
2021-12-22,2,2,1,0,0,14
2021-12-21,5,0,1,0,0,14
2021-12-20,1,2,0,0,0,14
2021-12-19,3,1,0,0,0,14
2021-12-18,3,1,0,0,0,14
2021-12-17,4,0,0,0,1,13
2021-12-16,5,0,0,0,1,13
2021-12-15,5,1,0,0,1,13
2021-12-14,6,0,0,0,1,13
2021-12-13,4,0,0,0,1,13
2021-12-12,5,0,0,0,1,13
2021-12-11,4,0,0,0,1,13
2021-12-10,4,0,0,0,1,13
2021-12-09,4,0,0,0,2,13
2021-12-08,4,1,0,0,3,12
2021-12-07,3,1,1,0,3,12
2021-12-06,1,2,0,0,3,12
2021-12-05,2,2,0,0,3,12
2021-12-04,2,2,0,0,3,12
2021-12-03,4,0,0,0,3,12
2021-12-02,7,0,0,0,2,12
2021-12-01,6,0,0,1,3,11
2021-11-30,4,2,0,1,3,11
2021-11-29,3,3,0,1,3,11
2021-11-28,7,1,0,1,3,11
2021-11-27,5,0,0,1,3,11
2021-11-26,5,0,0,1,3,11
2021-11-25,1,3,0,0,3,11
2021-11-24,4,0,1,0,2,11
2021-11-23,1,3,1,1,1,11
2021-11-22,4,0,1,2,2,10
2021-11-21,4,0,0,2,2,10
2021-11-20,6,1,0,2,2,10
2021-11-19,5,1,0,2,3,9
2021-11-18,5,0,0,2,3,9
2021-11-17,2,1,2,1,3,9
2021-11-16,2,0,1,0,2,9
2021-11-15,1,4,2,1,2,9
2021-11-14,1,5,2,1,2,9
2021-11-13,5,1,1,1,2,9
2021-11-12,7,1,0,2,2,9
2021-11-11,5,2,0,1,2,9
2021-11-10,7,1,1,1,2,9
2021-11-09,6,0,1,0,3,8
2021-11-08,0,3,2,0,3,9
2021-11-07,3,1,1,0,2,9
2021-11-06,3,2,1,1,2,9
2021-11-05,8,2,0,1,2,9
2021-11-04,6,1,0,1,1,9
2021-11-03,1,6,0,2,1,9
2021-11-02,4,3,0,2,1,9
2021-11-01,4,0,0,2,1,10
2021-10-31,4,0,0,1,1,10
2021-10-30,3,0,1,2,1,10
2021-10-29,3,0,1,2,1,10
2021-10-28,3,2,1,1,1,10
2021-10-27,3,2,1,1,1,10
2021-10-26,5,2,1,1,1,10
2021-10-25,4,1,1,1,1,9
2021-10-24,5,0,0,1,1,9
2021-10-23,4,1,1,1,1,9
2021-10-22,5,1,1,1,1,10
2021-10-21,6,0,1,1,1,10
2021-10-20,6,0,0,1,1,10
2021-10-19,5,1,0,1,1,10
2021-10-18,6,1,0,0,1,10
2021-10-17,6,0,1,0,1,10
2021-10-16,1,1,1,0,1,10
2021-10-15,3,0,1,0,1,10
2021-10-14,2,2,0,0,1,10
2021-10-13,4,1,0,0,1,10
2021-10-12,2,1,0,0,1,10
2021-10-11,3,0,0,0,9,2
2021-10-10,2,0,0,1,8,2
2021-10-09,2,0,0,2,8,2
2021-10-08,2,0,0,2,9,1
2021-10-07,2,0,0,2,9,1
2021-10-06,2,0,0,2,9,1
2021-10-05,2,0,0,2,9,1
2021-10-04,2,0,0,1,9,1
2021-10-03,3,0,1,0,9,1
2021-10-02,2,0,2,0,9,1
2021-10-01,2,0,2,0,9,1
2021-09-30,2,0,1,0,9,1
2021-09-29,2,1,0,0,9,1
2021-09-28,2,2,0,0,9,1
2021-09-27,3,1,0,0,9,1
2021-09-26,3,0,0,0,1,2
2021-09-25,3,0,0,8,2,2
2021-09-24,3,0,0,8,2,2
2021-09-23,3,0,0,8,1,2
2021-09-22,3,0,0,9,0,2
2021-09-21,1,1,0,10,0,2
2021-09-20,2,0,0,10,0,2
2021-09-19,1,0,0,2,0,2
2021-09-18,0,0,8,2,0,2
2021-09-17,1,0,8,2,0,2
2021-09-16,1,0,8,1,0,2
2021-09-15,0,0,1,0,0,2
2021-09-14,0,8,2,0,0,2
2021-09-13,0,8,2,0,0,2
2021-09-12,9,0,1,0,0,2
2021-09-11,8,1,0,0,0,2
2021-09-08,1,1,1,0,0,10
